"","ID","fire_period","post_fire_period","pre_fire_period","Status","Month","Lon","Lat","Name","Location","address","zip_code","city_update"
"1",3062,100,100,100,"Complete data throughout fire period","Before or during 12-2021",-105.271287,40.040773,"Kalmia","outside","2065, Kalmia Avenue, Boulder, Boulder County, Colorado, 80304, United States","80304","Boulder"
"2",4583,100,99.9308197855413,100,"Complete data throughout fire period","Before or during 12-2021",-105.168028,40.138184,"Clover Basin Consulting","outside","5017, William Place, Longmont, Boulder County, Colorado, 80503, United States","80503","Longmont"
"3",4643,100,99.3312579268996,100,"Complete data throughout fire period","Before or during 12-2021",-105.251468,39.989433,"JENSA","outside","3565, Eastman Avenue, Boulder, Boulder County, Colorado, 80305, United States","80305","Boulder"
"4",15663,100,99.5272685345325,100,"Complete data throughout fire period","Before or during 12-2021",-105.15497,40.102298,"FRCC Niwot location","outside","7037, Longview Drive, Boulder, Niwot, Boulder County, Colorado, 80503, United States","80503","Niwot"
"5",27120,48.3333333333333,99.8674045889542,100,"Sensor offline during fire, returned online","Before or during 12-2021",-105.25997,39.981225,"Table Mesa Court","outside","2799, Table Mesa Court, Boulder, Boulder County, Colorado, 80305, United States","80305","Boulder"
"6",30743,74,73.9677047289504,100,"Sensor offline during fire, did not return online","Before or during 12-2021",-105.128313,40.131569,"Creekside","outside","2443, Eagleview Circle, Longmont, Boulder County, Colorado, 80504, United States","80504","Longmont"
"7",33109,53.3333333333333,99.7002190706791,100,"Sensor offline during fire, returned online","Before or during 12-2021",-105.262193,39.983046,"Bear","outside","732, Ithaca Drive, Boulder, Boulder County, Colorado, 80305, United States","80305","Boulder"
"8",38623,7.33333333333333,95.1862100772512,100,"Sensor offline during fire, returned online","Before or during 12-2021",-105.174925,39.986607,"76th & S Bldr Rd","outside","7618, South Boulder Road, Boulder, Boulder County, Colorado, 80303, United States","80303","Boulder"
"9",40595,100,25.2796033667704,100,NA,"Before or during 12-2021",-105.247562,40.050121,"Four Mile Creek Indoor","inside","4150, Westcliffe Court, Boulder, Boulder County, Colorado, 80301, United States","80301","Boulder"
"10",45325,99.6666666666667,88.2278335062839,100,"Complete data throughout fire period","Before or during 12-2021",-105.164686,40.06149,"Kincross Way","outside","8059, Kincross Way, Heatherwood, Boulder, Boulder County, Colorado, 80301, United States","80301","Boulder"
"11",45369,99.6666666666667,99.9423498212845,100,"Complete data throughout fire period","Before or during 12-2021",-105.164943,40.061687,"Kincross Way","inside","8059, Kincross Way, Heatherwood, Boulder, Boulder County, Colorado, 80301, United States","80301","Boulder"
"12",45373,NA,73.3277988614801,NA,"Sensor came online after fire","03-2022",-105.241084,40.008815,"SEEL Laboratory","inside","Sustainability Energy and Environment Laboratories, Colorado Avenue, Boulder, Boulder County, Colorado, 80303, United States","80303","Boulder"
"13",50133,100,100,100,"Complete data throughout fire period","Before or during 12-2021",-105.172723,40.104027,"HRNS-TEST","inside","My Mama's Pie, Murray Street, Boulder, Niwot, Boulder County, Colorado, 80544, United States","80544","Niwot"
"14",53729,100,99.844344517468,100,"Complete data throughout fire period","Before or during 12-2021",-105.045743,39.990028,"Anthem Ranch","outside","4512, Silver Mountain Loop, Anthem, Broomfield, Colorado, 80032, United States","80032","States"
"15",56035,39.6666666666667,99.0314769975787,86.6666666666667,NA,"Before or during 12-2021",-105.358082,40.082229,"Boulder Heights","outside","433, Deer Trail Circle, Glendale, Boulder County, Colorado, 80455, United States","80455","Glendale"
"16",56209,100,94.9325492909028,96.6666666666667,"Complete data throughout fire period","Before or during 12-2021",-105.269092,39.972244,"Stony Hill Road","outside","1916, Stony Hill Road, Boulder, Boulder County, Colorado, 80305, United States","80305","Boulder"
"17",56431,86.6666666666667,99.8789346246973,100,"Complete data throughout fire period","Before or during 12-2021",-105.282098,40.03435,"Grape_and_Broadway","outside","Broadway & Grape Ave, Broadway, Washington Village, Boulder, Boulder County, Colorado, 80306, United States","80306","Boulder"
"18",60507,100,99.9318843272029,100,"Complete data throughout fire period","Before or during 12-2021",-105.269357,40.015575,"Bella","outside","1933, Grove Street, Boulder, Boulder County, Colorado, 80302, United States","80302","Boulder"
"19",60517,100,99.8270494638533,100,"Complete data throughout fire period","Before or during 12-2021",-105.119947,39.879192,"STANDLEY LAKE","outside","10098, Oak Court, Walnut Grove, Westminster, Jefferson County, Colorado, 80021, United States","80021","States"
"20",64671,100,99.8155194281102,100,"Complete data throughout fire period","Before or during 12-2021",-105.270939,40.040195,"K2055i","inside","2099, Kalmia Avenue, Boulder, Boulder County, Colorado, 80304, United States","80304","Boulder"
"21",64967,22.3333333333333,99.8674045889542,100,"Sensor offline during fire, returned online","Before or during 12-2021",-105.245772,39.984474,"Majestic Heights, Boulder, CO","outside","605, South 42nd Street, Boulder, Boulder County, Colorado, 80305, United States","80305","Boulder"
"22",65669,17.6666666666667,99.8904646604404,100,"Sensor offline during fire, returned online","Before or during 12-2021",-105.147693,39.976863,"Louisville","outside","661, Cleveland Avenue, Louisville, Boulder County, Colorado, 80027, United States","80027","Louisville"
"23",66173,100,99.9654098927707,100,"Complete data throughout fire period","Before or during 12-2021",-105.12142,39.943606,"Terracina Broomfield Apartments","outside","Building 30, 13630, Via Varra, Overlook District, Broomfield, Colorado, 80020, United States","80020","States"
"24",67917,99.3333333333333,99.9654098927707,100,"Complete data throughout fire period","Before or during 12-2021",-105.283308,40.001943,"Chautauqua Heights","outside","847, Cascade Avenue, Central Boulder - University Hill, Boulder, Boulder County, Colorado, 80302, United States","80302","Boulder"
"25",68375,7.33333333333333,99.2505476766978,100,"Sensor offline during fire, returned online","Before or during 12-2021",-105.150011,39.981185,"Louisville Air Sensor","outside","599, West Sagebrush Court, Louisville, Boulder County, Colorado, 80027, United States","80027","Louisville"
"26",69103,4,99.7232791421653,100,"Sensor offline during fire, returned online","Before or during 12-2021",-105.321935,40.04352,"Hawk Lane","outside","67, Hawk Lane, Boulder County, Colorado, 80304, United States","80304","Lane"
"27",69595,NA,94.0800378877575,NA,"Sensor came online after fire","01-2022",-105.320883,39.959828,"Walker Ranch / Pine Needle Notch","outside","Bison Drive, Boulder County, Colorado, 80025, United States","80025","Drive"
"28",70241,100,99.9654098927707,100,"Complete data throughout fire period","Before or during 12-2021",-105.280361,40.021768,"MKHOME2","outside","2357, 13th Street, Washington Village, Boulder, Boulder County, Colorado, 80304, United States","80304","Boulder"
"29",70911,100,94.9440793266459,100,"Complete data throughout fire period","Before or during 12-2021",-105.250816,39.973683,"Shanahan Ridge","inside","Boulder, Boulder County, Colorado, 80305, United States","80305","Boulder"
"30",71435,NA,98.4634146341463,NA,"Sensor came online after fire","04-2022",-105.256324,40.010554,"Gold Run Apartments","outside","Gold Run Condos, Shadow Creek Drive, Gold Run, Boulder, Boulder County, Colorado, 80310, United States","80310","Boulder"
"31",72931,100,99.948114839156,100,"Complete data throughout fire period","Before or during 12-2021",-105.227877,39.997868,"AZTEC CENTRAL","outside","556, Aztec Drive, Boulder, Boulder County, Colorado, 80303, United States","80303","Boulder"
"32",75373,NA,99.9709014723855,NA,"Sensor came online after fire","01-2022",-105.155637,39.972917,"Hemlock (indoor)","inside","751, West Hemlock Circle, Louisville, Boulder County, Colorado, 80027, United States","80027","Louisville"
"33",79113,37,99.6252738383489,86.6666666666667,NA,"Before or during 12-2021",-105.2814,40.002375,"University Hill","outside","825, Lincoln Place, Central Boulder - University Hill, Boulder, Boulder County, Colorado, 80302, United States","80302","Boulder"
"34",79121,7.33333333333333,92.7072523924824,100,"Sensor offline during fire, returned online","Before or during 12-2021",-105.17414,39.986526,"Kitchen","inside","South Boulder Road, Boulder, Boulder County, Colorado, 80027, United States","80027","Boulder"
"35",79907,38,99.9942349821284,100,"Sensor offline during fire, returned online","Before or during 12-2021",-105.27164,40.034477,"Vista Drive","inside","1970, Vista Drive, Boulder, Boulder County, Colorado, 80304, United States","80304","Boulder"
"36",81149,100,99.5906837311196,100,"Complete data throughout fire period","Before or during 12-2021",-105.154867,39.970945,"ntsky","outside","775, West Lois Court, Louisville, Boulder County, Colorado, 80027, United States","80027","Louisville"
"37",82879,100,99.6829240170645,100,"Complete data throughout fire period","Before or during 12-2021",-105.24012,39.987753,"Mango Manor Coop","inside","4662, Ingram Court, Boulder, Boulder County, Colorado, 80305, United States","80305","Boulder"
"38",83423,100,98.8181713363311,100,"Complete data throughout fire period","Before or during 12-2021",-105.284932,40.054306,"Shining Mountain Waldorf School","outside","Shining Mountain Waldorf School, 999, Violet Avenue, Boulder, Boulder County, Colorado, 80304, United States","80304","Boulder"
"39",83597,97.3333333333333,99.584918713248,100,"Complete data throughout fire period","Before or during 12-2021",-105.256337,39.976756,"South Boulder","outside","1264, Ithaca Drive, Boulder, Boulder County, Colorado, 80305, United States","80305","Boulder"
"40",83661,100,95.0709097198201,100,"Complete data throughout fire period","Before or during 12-2021",-105.123333,40.134444,"Creekside and Sunset","outside","1839, Caleta Trail, Longmont, Boulder County, Colorado, 80504, United States","80504","Longmont"
"41",83785,4,99.7232791421653,100,"Sensor offline during fire, returned online","Before or during 12-2021",-105.32181,40.043471,"Hawk Lane","inside","67, Hawk Lane, Boulder County, Colorado, 80304, United States","80304","Lane"
"42",84169,100,99.9192897497982,100,"Complete data throughout fire period","Before or during 12-2021",-105.231155,40.016282,"Snowcave","inside","1707, Commerce Street, Boulder, Boulder County, Colorado, 80301, United States","80301","Boulder"
"43",84585,76,98.7677984665936,100,"Complete data throughout fire period","Before or during 12-2021",-105.2308,39.9991,"645 Manhattan Place","inside","645, Manhattan Drive, Boulder, Boulder County, Colorado, 80303, United States","80303","Boulder"
"44",84697,1.33333333333333,96.6216995272685,100,"Sensor offline during fire, returned online","Before or during 12-2021",-105.279841,39.932681,"Eldorado Springs","outside","Eldorado Springs Pool, Artesian Drive, Eldorado Springs, Boulder County, Colorado, 80025, United States","80025","Springs"
"45",84777,10.6666666666667,63.9767441860465,100,"Sensor offline during fire, did not return online","Before or during 12-2021",-105.165968,39.953493,"Superior Town Hall","outside","Superior Municipal Court, East William Street, Original Superior, Superior, Boulder County, Colorado, 80027, United States","80027","Superior"
"46",85643,100,100,100,"Complete data throughout fire period","Before or during 12-2021",-105.318614,40.026998,"Lower Seven Hills","outside","442, Seven Hills Drive, Seven Hills, Boulder County, Colorado, 80304, United States","80304","Hills"
"47",85999,14,97.8900034590107,100,"Sensor offline during fire, returned online","Before or during 12-2021",-105.155357,39.938975,"Superior - North Pool","outside","Town of Superior North Pool Facility, South Indiana Street, Rock Creek Ranch, Boulder, Superior, Boulder County, Colorado, 80027, United States","80027","Superior"
"48",86477,13.6666666666667,98.1667243168454,100,"Sensor offline during fire, returned online","Before or during 12-2021",-105.155169,39.92155,"Superior - South Pool","outside","Superior South Pool, Huron Peak Drive, Rock Creek Ranch II, Boulder, Boulder County, Colorado, 80027, United States","80027","Boulder"
"49",86637,99.6666666666667,99.7866943387524,100,"Complete data throughout fire period","Before or during 12-2021",-105.251451,39.973682,"Viele Lake","outside","3270, Everett Drive, Boulder, Boulder County, Colorado, 80305, United States","80305","Boulder"
"50",87465,100,99.9884699642569,100,"Complete data throughout fire period","Before or during 12-2021",-105.284533,40.064582,"Dakota Ridge","outside","4949, Broadway, Boulder County, Colorado, 80304, United States","80304","Boulder"
"51",87531,100,99.3831430877436,100,"Complete data throughout fire period","Before or during 12-2021",-105.239376,39.986809,"The Haunted Pickle Mansion","inside","4682, Ingram Court, Boulder, Boulder County, Colorado, 80305, United States","80305","Boulder"
"52",88035,100,99.5215035166609,100,"Complete data throughout fire period","Before or during 12-2021",-105.192763,40.07116,"Gunbarrel Green Spotted Horse (inside)","inside","5310, Spotted Horse Trail, Boulder, Boulder County, Colorado, 80301, United States","80301","Boulder"
"53",88533,100,99.9769399285138,100,"Complete data throughout fire period","Before or during 12-2021",-105.14894,39.99006,"Purple house indoors","inside","1998, Eisenhower Drive, Louisville, Boulder County, Colorado, 80027, United States","80027","Louisville"
"54",88705,100,73.0081863253776,100,NA,"Before or during 12-2021",-105.192659,40.07123,"Gunbarrel Green Spotted Horse","outside","5314, Spotted Horse Trail, Boulder, Boulder County, Colorado, 80301, United States","80301","Boulder"
"55",90255,3.66666666666667,99.6425688919636,100,"Sensor offline during fire, returned online","Before or during 12-2021",-105.255066,39.980331,"Miami Way","outside","950, Miami Way, Boulder, Boulder County, Colorado, 80305, United States","80305","Boulder"
"56",90297,89,90.3090049579154,100,"Complete data throughout fire period","Before or during 12-2021",-105.09261,39.967454,"South Pointe","outside","South Point Drive, South Pointe, Lafayette, Boulder County, Colorado, 80026-2872, United States","2872","Lafayette"
"57",91877,100,99.948114839156,100,"Complete data throughout fire period","Before or during 12-2021",-105.145145,39.988362,"Eisenhower Dr","outside","370, Eisenhower Drive, Louisville, Boulder County, Colorado, 80027, United States","80027","Louisville"
"58",92321,100,99.9711749106422,100,"Complete data throughout fire period","Before or during 12-2021",-105.149056,39.990133,"Purple House","outside","1998, Eisenhower Drive, Louisville, Boulder County, Colorado, 80027, United States","80027","Louisville"
"59",94411,100,88.861985472155,100,"Complete data throughout fire period","Before or during 12-2021",-105.268895,40.039225,"Parkside","outside","22nd Street, Boulder, Boulder County, Colorado, 80304, United States","80304","Boulder"
"60",95591,100,100,100,"Complete data throughout fire period","Before or during 12-2021",-105.289289,40.052237,"Wonderland Lake","outside","501, Utica Avenue, Boulder, Boulder County, Colorado, 80303, United States","80303","Boulder"
"61",95831,99,87.3515507898074,100,"Complete data throughout fire period","Before or during 12-2021",-105.164118,40.061727,"Gunbarrel Hill","outside","8067, Kincross Way, Heatherwood, Boulder, Boulder County, Colorado, 80301, United States","80301","Boulder"
"62",96731,100,100,100,"Complete data throughout fire period","Before or during 12-2021",-105.28746,40.02247,"Concord Ave","outside","Concord Alley, Washington Village, Boulder, Boulder County, Colorado, 80302, United States","80302","Boulder"
"63",97647,100,99.9365848034129,100,"Complete data throughout fire period","Before or during 12-2021",-105.022336,39.925754,"Broomfield - Calkins Pl","outside","2830, Calkins Place, Broomfield, Colorado, 80020, United States","80020","States"
"64",100521,100,99.6079787847342,100,"Complete data throughout fire period","Before or during 12-2021",-105.193228,40.074568,"PurpleHome","inside","5583, Homestead Way, Boulder, Boulder County, Colorado, 80301, United States","80301","Boulder"
"65",101003,4,99.4004381413582,100,"Sensor offline during fire, returned online","Before or during 12-2021",-105.31508,40.047317,"House","inside","230, Timber Lane, Pine Brook Hill, Boulder County, Colorado, 80304, United States","80304","Hill"
"66",102614,100,99.4753833736885,100,"Complete data throughout fire period","Before or during 12-2021",-105.076445,40.045199,"Ponderosa","outside","11821, Flatiron Drive, Leyner, Erie, Boulder County, Colorado, 80026, United States","80026","Erie"
"67",102724,100,99.8212844459818,100,"Complete data throughout fire period","Before or during 12-2021",-105.125073,40.021267,"Blue Heron Estates","outside","2432, Ginny Way, Blue Heron Estates, Lafayette, Boulder County, Colorado, 80026, United States","80026","Lafayette"
"68",103510,47,99.4926784273031,86.6666666666667,NA,"Before or during 12-2021",-105.258196,39.993312,"Indoor monitor back","inside","110, 30th Street, Boulder, Boulder County, Colorado, 80305, United States","80305","Boulder"
"69",103724,7.33333333333333,98.2070794419463,100,"Sensor offline during fire, returned online","Before or during 12-2021",-105.14994,39.97538,"Home","inside","681, Spruce Circle, Louisville, Boulder County, Colorado, 80027, United States","80027","Louisville"
"70",103820,49,46.4199239017641,100,"Sensor offline during fire, did not return online","Before or during 12-2021",-105.281262,40.004433,"Casper’s House","inside","941, Lincoln Place, Central Boulder - University Hill, Boulder, Boulder County, Colorado, 80302, United States","80302","Boulder"
"71",104594,99.6666666666667,99.7809293208809,100,"Complete data throughout fire period","Before or during 12-2021",-105.200713,40.076041,"Bean Mountain Ln","outside","6655, Bean Mountain Lane, Boulder, Boulder County, Colorado, 80301, United States","80301","Boulder"
"72",106214,22.3333333333333,99.8558745532111,100,"Sensor offline during fire, returned online","Before or during 12-2021",-105.24575,39.98451,"Majestic Heights","inside","605, South 42nd Street, Boulder, Boulder County, Colorado, 80305, United States","80305","Boulder"
"73",106492,48.6666666666667,98.8527614435605,100,"Sensor offline during fire, returned online","Before or during 12-2021",-105.336435,40.079243,"Boulder Heights","inside","253, Deer Trail Road, Lazy Acres, Boulder County, Colorado, 80455, United States","80455","Acres"
"74",106800,100,99.6713939813213,100,"Complete data throughout fire period","Before or during 12-2021",-105.124908,40.021183,"Blue Heron Estates","inside","2430, Ginny Way, Blue Heron Estates, Lafayette, Boulder County, Colorado, 80026, United States","80026","Lafayette"
"75",106906,99.6666666666667,99.9942349821284,100,"Complete data throughout fire period","Before or during 12-2021",-105.267012,39.975227,"1333 Wildwood Ct., Boulder, CO 80305 Inside","inside","1313, Wildwood Court, Boulder, Boulder County, Colorado, 80305, United States","80305","Boulder"
"76",107466,63,99.9654098927707,100,"Sensor offline during fire, returned online","Before or during 12-2021",-105.255864,39.983109,"Yale Road Home","inside","720, Yale Road, Boulder, Boulder County, Colorado, 80305, United States","80305","Boulder"
"77",108074,100,87.2131903608901,NA,NA,"Before or during 12-2021",-105.286643,40.003712,"Flagstaff","outside","900, 6th Street, Central Boulder - University Hill, Boulder, Boulder County, Colorado, 80302, United States","80302","Boulder"
"78",108558,99.6666666666667,99.7751643030093,100,"Complete data throughout fire period","Before or during 12-2021",-105.172024,40.09753,"CountryCreek2","outside","7777, Country Creek Drive, Boulder, Niwot, Boulder County, Colorado, 80503, United States","80503","Niwot"
"79",109600,NA,99.9672796282966,NA,"Sensor came online after fire","01-2022",-105.250189,39.988586,"Cooper's Roost","inside","Little Free Library, Bear Creek Greenway, Boulder, Boulder County, Colorado, 80305, United States","80305","Boulder"
"80",110042,100,100,100,"Complete data throughout fire period","Before or during 12-2021",-105.256193,40.030995,"Valmont and 29th","outside","3185, 29th Street, Boulder, Boulder County, Colorado, 80301, United States","80301","Boulder"
"81",110122,20.6666666666667,99.9654098927707,100,"Sensor offline during fire, returned online","Before or during 12-2021",-105.242672,39.982287,"Hanover Ave.","inside","770, South 45th Street, Boulder, Boulder County, Colorado, 80305, United States","80305","Boulder"
"82",111834,56.6666666666667,99.3485529805142,100,"Sensor offline during fire, returned online","Before or during 12-2021",-105.245133,40.096221,"Snead Ct","outside","6732, Snead Court, Boulder County, Colorado, 80503, United States","80503","Court"
"83",112082,56.6666666666667,99.5906837311196,100,"Sensor offline during fire, returned online","Before or during 12-2021",-105.25495,40.091834,"Eagle Ct.","outside","6430, Eagle Court, Boulder County, Colorado, 80503, United States","80503","Court"
"84",112522,100,97.5152772973596,100,"Complete data throughout fire period","Before or during 12-2021",-105.047394,39.826463,"Linda Park Addition","outside","7157, Winona Court, Westminster, Adams County, Colorado, 80030, United States","80030","States"
"85",112606,99.6666666666667,97.5844575118183,100,"Complete data throughout fire period","Before or during 12-2021",-105.266992,39.975151,"1333 Wildwood Ct., Boulder, CO 80305","outside","1313, Wildwood Court, Boulder, Boulder County, Colorado, 80305, United States","80305","Boulder"
"86",112974,100,99.9884699642569,100,"Complete data throughout fire period","Before or during 12-2021",-105.161516,40.134206,"Summerlin_Lane","outside","Longmont, Boulder County, Colorado, 80503, United States","80503","Longmont"
"87",113054,100,99.9654098927707,100,"Complete data throughout fire period","Before or during 12-2021",-105.283713,40.047379,"Quince Ave","inside","1052, Quince Avenue, Boulder, Boulder County, Colorado, 80304, United States","80304","Boulder"
"88",113266,100,99.8731696068258,100,"Complete data throughout fire period","Before or during 12-2021",-105.280263,40.048945,"Redwood & Riverside","outside","1355, Redwood Avenue, Boulder, Boulder County, Colorado, 80304, United States","80304","Boulder"
"89",114077,NA,99.9567367119901,NA,"Sensor came online after fire","01-2022",-105.242407,39.981685,"Brown Farm","outside","4535, Darley Avenue, Boulder, Boulder County, Colorado, 80305, United States","80305","Boulder"
"90",114273,NA,80.6696530255865,NA,"Sensor came online after fire","01-2022",-105.227476,39.95586,"Gabriella","outside","Plainview Mine, Marshall Road, Marshall, Boulder, Boulder County, Colorado, 80305-9998, United States","9998","Boulder"
"91",114527,NA,100,NA,"Sensor came online after fire","01-2022",-105.25459,39.9435,"Prado Drive","inside","4263, Prado Drive, Boulder County, Colorado, 80303, United States","80303","Drive"
"92",114999,47.6666666666667,99.3485529805142,88.3333333333333,NA,"Before or during 12-2021",-105.25686,39.993478,"Candy","inside","3070, Ash Avenue, Boulder, Boulder County, Colorado, 80305, United States","80305","Boulder"
"93",115303,99.6666666666667,99.948114839156,100,"Complete data throughout fire period","Before or during 12-2021",-105.086413,39.901925,"Amli Arista","outside","7971, Uptown Avenue, Arista, Broomfield, Colorado, 80021, United States","80021","States"
"94",117647,100,99.8270494638533,100,"Complete data throughout fire period","Before or during 12-2021",-105.119688,39.879446,"Stanley Lake","inside","10081, Oak Street, Westminster, Jefferson County, Colorado, 80021, United States","80021","States"
"95",119547,99.6666666666667,99.4465582843307,100,"Complete data throughout fire period","Before or during 12-2021",-105.043892,39.951813,"Broadlands","outside","4342, Augusta Drive, Broadlands, Broomfield, Colorado, 80023, United States","80023","States"
"96",119691,NA,98.8428702462429,NA,"Sensor came online after fire","01-2022",-105.143196,39.959797,"601 St Andrew","outside","595, Saint Andrews Lane, Louisville, Boulder County, Colorado, 80027, United States","80027","Louisville"
"97",120477,100,99.9654098927707,100,"Complete data throughout fire period","Before or during 12-2021",-105.124583,39.995468,"Bohannan house","outside","384 Driftwood Circle, 384, Driftwood Circle, Waneka Landing, Lafayette, Boulder County, Colorado, 80026, United States","80026","Lafayette"
"98",120657,NA,99.8133167392657,NA,"Sensor came online after fire","01-2022",-105.157449,39.962638,"Orchard Dr","outside","535, Orchard Drive, Louisville, Boulder County, Colorado, 80027, United States","80027","Louisville"
"99",120847,53.3333333333333,99.9881171647555,100,"Sensor offline during fire, returned online","Before or during 12-2021",-105.26589,39.97925,"Yard","outside","Magic Mansion, 2267, Holyoke Drive, Boulder, Boulder County, Colorado, 80305, United States","80305","Boulder"
"100",120859,NA,92.8087217834929,NA,"Sensor came online after fire","01-2022",-105.150891,39.975097,"Pine Street Park Outdoors","outside","678, Ponderosa Court, Louisville, Boulder County, Colorado, 80027, United States","80027","Louisville"
"101",121197,100,99.9865564293876,100,"Complete data throughout fire period","Before or during 12-2021",-105.23761,40.00849,"Hancock Drive","outside","3878, Hancock Drive, Boulder, Boulder County, Colorado, 80303, United States","80303","Boulder"
"102",121721,NA,99.9132847728061,NA,"Sensor came online after fire","02-2022",-105.152974,39.967233,"Juniper Ct","outside","699, West Juniper Court, Louisville, Boulder County, Colorado, 80027, United States","80027","Louisville"
"103",122071,98.3333333333333,99.0084169260925,100,"Complete data throughout fire period","Before or during 12-2021",-105.196157,40.04964,"EMSonJay","outside","Jay Road, Boulder, Boulder County, Colorado, 80301, United States","80301","Boulder"
"104",122155,NA,93.7085213697903,NA,"Sensor came online after fire","02-2022",-105.158708,39.976571,"810 Trail Ridge Drive","inside","891, Trail Ridge Drive, Louisville, Boulder County, Colorado, 80027, United States","80027","Louisville"
"105",122165,NA,99.6175752644426,NA,"Sensor came online after fire","02-2022",-105.203026,40.10694,"Bluebird Ave","outside","6463, Bluebird Avenue, Boulder, Niwot, Boulder County, Colorado, 80503, United States","80503","Niwot"
"106",122585,4,96.5467542949383,100,"Sensor offline during fire, returned online","Before or during 12-2021",-105.255595,39.988205,"Bates","inside","350, Bates Avenue, Boulder, Boulder County, Colorado, 80305, United States","80305","Boulder"
"107",123947,16.3333333333333,99.8328144817249,85,NA,"Before or during 12-2021",-105.253045,39.99165,"Bingo","inside","100, South 34th Street, Boulder, Boulder County, Colorado, 80305, United States","80305","Boulder"
"108",124073,NA,99.0875155537122,NA,"Sensor came online after fire","03-2022",-105.212707,40.051014,"Jay Inside","inside","5983, Jay Road, Boulder, Boulder County, Colorado, 80301, United States","80301","Boulder"
"109",124207,NA,90.5338389731622,NA,"Sensor came online after fire","03-2022",-105.155908,39.957567,"Golf Course Maintenance","outside","Coal Creek Trail, Louisville, Boulder County, Colorado, 80027, United States","80027","Louisville"
"110",124223,NA,99.8767714109674,NA,"Sensor came online after fire","03-2022",-105.13926,39.985015,"Harper-Outdoor","outside","188, Harper Street, Louisville, Boulder County, Colorado, 80027, United States","80027","Louisville"
"111",124229,NA,79.5027430839267,NA,"Sensor came online after fire","03-2022",-105.152354,39.989713,"NWTP","outside","1800, North Fillmore Court, Louisville, Boulder County, Colorado, 80027, United States","80027","Louisville"
"112",124241,NA,99.9766818234814,NA,"Sensor came online after fire","03-2022",-105.11035,39.958436,"City Services","outside","Louisville City Services, 739, South 104th Street, Louisville, Boulder County, Colorado, 80027, United States","80027","Louisville"
"113",124277,NA,99.9323715058611,NA,"Sensor came online after fire","03-2022",-105.132378,39.977127,"City Hall","outside","701, Main Street, Louisville, Boulder County, Colorado, 80027, United States","80027","Louisville"
"114",124291,NA,54.4555299735653,NA,"Sensor came online after fire","02-2022",-105.158953,39.976768,"819","outside","825, Trail Ridge Drive, Louisville, Boulder County, Colorado, 80027, United States","80027","Louisville"
"115",124319,53.3333333333333,99.4696183558169,100,"Sensor offline during fire, returned online","Before or during 12-2021",-105.256736,39.982178,"Hartford Drive","inside","850, Hartford Drive, Boulder, Boulder County, Colorado, 80305, United States","80305","Boulder"
"116",124809,100,33.4065934065934,100,NA,"Before or during 12-2021",-105.29264,40.046677,"Promontory","inside","398, Poplar Avenue, Boulder, Boulder County, Colorado, 80304, United States","80304","Boulder"
"117",125725,NA,97.6290799320797,NA,"Sensor came online after fire","01-2022",-105.141056,39.967498,"Dutch Creek West","inside","243, South Carter Avenue, Louisville, Boulder County, Colorado, 80027, United States","80027","Louisville"
"118",125733,NA,83.0693977376949,NA,"Sensor came online after fire","01-2022",-105.249093,39.976639,"Table Mesa 123","inside","1230, Albion Way, Boulder, Boulder County, Colorado, 80305, United States","80305","Boulder"
"119",126903,NA,91.0712231043608,NA,"Sensor came online after fire","03-2022",-105.188202,39.962761,"SWTP","outside","7073, Marshall Drive, Marshall, Boulder, Superior, Boulder County, Colorado, 80303, United States","80303","Superior"
"120",126907,NA,80.7593156784626,NA,"Sensor came online after fire","03-2022",-105.158417,39.974972,"Rec Center","outside","Louisville Recreation and Senior Center, 900, Via Appia Way, Louisville, Boulder County, Colorado, 80027, United States","80027","Louisville"
"121",126909,NA,99.9265486003428,NA,"Sensor came online after fire","02-2022",-105.160412,39.965555,"Lark Ave - Louisville","outside","Little Free Library, South Lark Avenue, Louisville, Boulder County, Colorado, 80027, United States","80027","Louisville"
"122",126915,NA,99.1436726926736,NA,"Sensor came online after fire","03-2022",-105.15136,39.957475,"Coal Creek Golf Course","outside","Coal Creek Trail, Louisville, Boulder County, Colorado, 80027, United States","80027","Louisville"
"123",126917,NA,99.9670347783089,NA,"Sensor came online after fire","02-2022",-105.162976,39.98773,"Space Weather","inside","1335, West Choke Cherry Drive, Louisville, Boulder County, Colorado, 80027, United States","80027","Louisville"
"124",126923,NA,99.8944462487821,NA,"Sensor came online after fire","02-2022",-105.131417,39.980011,"Front St.","outside","935, South Street, Louisville, Boulder County, Colorado, 80027, United States","80027","Louisville"
"125",126925,NA,99.9592468823865,NA,"Sensor came online after fire","02-2022",-105.157149,39.984097,"Backyard","outside","West Oak Court, Louisville, Boulder County, Colorado, 80027, United States","80027","Louisville"
"126",127743,NA,99.8511129308419,NA,"Sensor came online after fire","01-2022",-105.153249,39.96242,"Louisville","inside","624, Manorwood Court, Louisville, Boulder County, Colorado, 80027, United States","80027","Louisville"
"127",127749,NA,99.9696624952598,NA,"Sensor came online after fire","01-2022",-105.159265,39.936466,"1880 Vernon Lane Superior CO 80027","inside","701, Eldorado Drive, Rock Creek Ranch, Boulder, Superior, Boulder County, Colorado, 80027, United States","80027","Superior"
"128",128159,NA,96.6473636086559,NA,"Sensor came online after fire","02-2022",-105.158922,39.977537,"862 TR","outside","Washington Avenue, Louisville, Boulder County, Colorado, 80027, United States","80027","Louisville"
"129",128465,NA,99.8908455828846,NA,"Sensor came online after fire","01-2022",-105.149668,39.95777,"841","inside","841, Saint Andrews Lane, Louisville, Boulder County, Colorado, 80027, United States","80027","Louisville"
"130",128763,NA,99.9548736462094,NA,"Sensor came online after fire","01-2022",-105.160788,39.978659,"Flatirons ct","inside","Leon Wurl Wildlife Sanctuary, West Tamarisk Street, Louisville, Boulder County, Colorado, 80027, United States","80027","Louisville"
"131",128795,NA,99.9680409076382,NA,"Sensor came online after fire","03-2022",-105.22586,39.996288,"South_Boulder_Tenino","outside","5410, Tenino Avenue, Boulder, Boulder County, Colorado, 80303, United States","80303","Boulder"
"132",128801,NA,99.9604586793199,NA,"Sensor came online after fire","02-2022",-105.260646,40.016282,"1430 18th Street, Boulder, CO 80302","outside","Boulder Marriott Hotel & Spa, 2660, Canyon Boulevard, Boulder, Boulder County, Colorado, 80302, United States","80302","Boulder"
"133",128981,NA,99.9733297773036,NA,"Sensor came online after fire","01-2022",-105.158494,39.916915,"Castle Park - Outdoor","outside","3898, Animas Way, Rock Creek Ranch II, Boulder County, Colorado, 80027, United States","80027","Superior"
"134",129013,NA,99.9362883407664,NA,"Sensor came online after fire","02-2022",-105.160542,39.965826,"Lily Lake","inside","Little Free Library, South Lark Avenue, Louisville, Boulder County, Colorado, 80027, United States","80027","Louisville"
"135",129021,NA,99.9627754615843,NA,"Sensor came online after fire","01-2022",-105.145958,39.927808,"Main level","inside","1680, Coalton Road, Broomfield, Boulder County, Colorado, 80027, United States","80027","Broomfield"
"136",129027,NA,99.9527231467474,NA,"Sensor came online after fire","02-2022",-105.156202,39.934859,"Northern way","inside","868, Northern Way, Rock Creek Ranch, Boulder, Superior, Boulder County, Colorado, 80027, United States","80027","Superior"
"137",129117,NA,84.0830763649556,NA,"Sensor came online after fire","02-2022",-105.149911,39.975687,"589","inside","639, Spruce Circle, Louisville, Boulder County, Colorado, 80027, United States","80027","Louisville"
"138",129175,NA,97.3029667365898,NA,"Sensor came online after fire","02-2022",-105.159066,39.96713,"Copper Ridge Apartments #212","inside","987, West Dahlia Street, Louisville, Boulder County, Colorado, 80027, United States","80027","Louisville"
"139",129179,NA,99.9875683739433,NA,"Sensor came online after fire","02-2022",-105.139451,39.969539,"173 S. Raintree Ln","inside","121, South Raintree Lane, Louisville, Boulder County, Colorado, 80027, United States","80027","Louisville"
"140",129201,NA,99.9223468507334,NA,"Sensor came online after fire","02-2022",-105.143745,39.979997,"Jackson Circle","inside","267, Jackson Circle, Louisville, Boulder County, Colorado, 80027, United States","80027","Louisville"
"141",129223,NA,99.9249437077808,NA,"Sensor came online after fire","02-2022",-105.154704,39.976194,"776 Nighthawk","inside","Via Appia & W Pine St, Via Appia Way, Louisville, Boulder County, Colorado, 80027, United States","80027","Louisville"
"142",129243,NA,99.2190042303938,NA,"Sensor came online after fire","02-2022",-105.165712,39.969318,"Louisville","inside","1053, Century Drive, Louisville, Boulder County, Colorado, 80027, United States","80027","Louisville"
"143",129251,NA,99.9446596568899,NA,"Sensor came online after fire","03-2022",-105.154078,39.973356,"Indoors","inside","314, Owl Drive, Louisville, Boulder County, Colorado, 80027, United States","80027","Louisville"
"144",129257,NA,92.8254306517492,NA,"Sensor came online after fire","02-2022",-105.159762,39.977347,"857 TR Indoor","inside","825, Trail Ridge Drive, Louisville, Boulder County, Colorado, 80027, United States","80027","Louisville"
"145",129263,NA,99.9425287356322,NA,"Sensor came online after fire","02-2022",-105.1628,39.96885,"172 Cherrywood","inside","1068, Century Drive, Louisville, Boulder County, Colorado, 80027, United States","80027","Louisville"
"146",129273,NA,93.6448055716773,NA,"Sensor came online after fire","02-2022",-105.150693,39.942472,"1274 S. Weldona Lane","inside","1286, South Weldona Lane, Rock Creek Ranch, Boulder, Superior, Boulder County, Colorado, 80027, United States","80027","Superior"
"147",129281,NA,99.5357550089591,NA,"Sensor came online after fire","02-2022",-105.160488,39.978428,"810 Flatirons - inside","inside","892, Flatirons Court, Louisville, Boulder County, Colorado, 80027, United States","80027","Louisville"
"148",129293,NA,98.2266330431953,NA,"Sensor came online after fire","02-2022",-105.155252,39.967563,"W Aspen Way","inside","652, West Aspen Way, Louisville, Boulder County, Colorado, 80027, United States","80027","Louisville"
"149",129321,NA,99.9738647500817,NA,"Sensor came online after fire","01-2022",-105.158601,39.91679,"Castle Park - Indoor","inside","3899, Animas Way, Rock Creek Ranch II, Boulder County, Colorado, 80027, United States","80027","Superior"
"150",129587,NA,97.8188329128347,NA,"Sensor came online after fire","02-2022",-105.152547,39.975918,"Wise Old Owl","inside","813, Owl Drive, Louisville, Boulder County, Colorado, 80027, United States","80027","Louisville"
"151",129635,NA,98.9543021819679,NA,"Sensor came online after fire","02-2022",-105.161802,39.969954,"Anderson Res.","inside","943, Cinnamon Lane, Louisville, Boulder County, Colorado, 80027, United States","80027","Louisville"
"152",129637,NA,63.830511358802,NA,"Sensor came online after fire","02-2022",-105.154228,39.974496,"Owl // Wildflower","inside","Louisville, Boulder County, Colorado, 80027, United States","80027","Louisville"
"153",129645,NA,96.8495604037773,NA,"Sensor came online after fire","02-2022",-105.156426,39.976856,"794 Trail Ridge Dr","inside","Powerline Trail, Louisville, Boulder County, Colorado, 80027, United States","80027","Louisville"
"154",129719,NA,98.7510955302366,NA,"Sensor came online after fire","01-2022",-105.153621,39.939789,"Proctor Ct (Indoor)","inside","1598, South Proctor Court, Rock Creek Ranch, Boulder, Superior, Boulder County, Colorado, 80027, United States","80027","Superior"
"155",129721,NA,99.9630887346818,NA,"Sensor came online after fire","01-2022",-105.135699,39.967446,"S Jefferson Ave","inside","258, South Jefferson Avenue, Louisville, Boulder County, Colorado, 80027, United States","80027","Louisville"
"156",129735,NA,99.2284175280245,NA,"Sensor came online after fire","01-2022",-105.148172,39.976247,"Hoptree Indoor","inside","578, Hoptree Court, Louisville, Boulder County, Colorado, 80027, United States","80027","Louisville"
"157",129799,NA,99.9517083182422,NA,"Sensor came online after fire","03-2022",-105.149929,39.975989,"Spruce Cir","inside","593, Spruce Circle, Louisville, Boulder County, Colorado, 80027, United States","80027","Louisville"
"158",129917,NA,99.7203266584629,NA,"Sensor came online after fire","02-2022",-105.16176,39.978493,"PIkes Peak Ct","inside","Leon Wurl Wildlife Sanctuary, West Tamarisk Street, Louisville, Boulder County, Colorado, 80027, United States","80027","Louisville"
"159",130009,NA,94.5039325310338,NA,"Sensor came online after fire","02-2022",-105.264013,40.025809,"Boulder Central","outside","2519, Bluff Street, Washington Village, Boulder, Boulder County, Colorado, 80304, United States","80304","Boulder"
"160",130199,NA,99.8062015503876,NA,"Sensor came online after fire","04-2022",-105.155029,39.963593,"Pack","inside","722, Apple Court, Louisville, Boulder County, Colorado, 80027, United States","80027","Louisville"
"161",130269,NA,100,NA,"Sensor came online after fire","03-2022",-105.150534,39.976895,"CTS Office","inside","Christ the Servant Lutheran Church, Via Appia Way, Louisville, Boulder County, Colorado, 80027, United States","80027","Louisville"
"162",130295,NA,99.9615680245965,NA,"Sensor came online after fire","01-2022",-105.150253,39.934969,"Grayden Ct","inside","2037, Grayden Court, Rock Creek Ranch, Boulder, Superior, Boulder County, Colorado, 80027, United States","80027","Superior"
"163",130313,NA,95.8226909450441,NA,"Sensor came online after fire","02-2022",-105.13163,39.974682,"Roosevelt Street, Louisville, CO","outside","476, Main Street, Louisville, Boulder County, Colorado, 80027, United States","80027","Louisville"
"164",130321,NA,99.955879108758,NA,"Sensor came online after fire","03-2022",-105.150987,39.977194,"CTS 2","inside","Christ the Servant Lutheran Church, Via Appia Way, Louisville, Boulder County, Colorado, 80027, United States","80027","Louisville"
"165",130329,NA,99.5106674495987,NA,"Sensor came online after fire","03-2022",-105.151308,39.97972,"Strine's indoor","inside","1010, Hawk Court, Louisville, Boulder County, Colorado, 80027, United States","80027","Louisville"
"166",130479,NA,95.5587392550143,NA,"Sensor came online after fire","01-2022",-105.135184,39.967512,"S Jefferson Ave (outside)","outside","286, South Jefferson Avenue, Louisville, Boulder County, Colorado, 80027, United States","80027","Louisville"
"167",130511,NA,90.3707907680666,NA,"Sensor came online after fire","02-2022",-105.173174,39.953437,"Cronin","inside","155, Sixth Avenue, Coal Creek Crossing, Boulder, Superior, Boulder County, Colorado, 80027, United States","80027","Superior"
"168",130513,NA,94.3719258418464,NA,"Sensor came online after fire","02-2022",-105.172909,39.953711,"CCC-NE1","inside","125, Sixth Avenue, Coal Creek Crossing, Boulder, Superior, Boulder County, Colorado, 80027, United States","80027","Superior"
"169",130807,NA,99.8869304955105,NA,"Sensor came online after fire","01-2022",-105.159849,39.948935,"Canary Lane","outside","Marigold Place, Boulder, Superior, Boulder County, Colorado, 80027, United States","80027","Superior"
"170",130923,NA,71.031945141328,NA,"Sensor came online after fire","03-2022",-105.158959,39.971351,"Skyview Ct","inside","198, Skyview Court, Louisville, Boulder County, Colorado, 80027, United States","80027","Louisville"
"171",130945,NA,100,NA,"Sensor came online after fire","04-2022",-105.139448,39.980127,"McKinley Park","inside","298, McKinley Park Lane, Louisville, Boulder County, Colorado, 80027, United States","80027","Louisville"
"172",130959,NA,99.8884675440553,NA,"Sensor came online after fire","03-2022",-105.152286,39.977843,"622 W Pine","inside","544, West Pine Street, Louisville, Boulder County, Colorado, 80027, United States","80027","Louisville"
"173",131003,NA,0.66815144766147,NA,"Sensor came online after fire","02-2022",-105.14552,39.979203,"Fisher Farms - O","outside","201, Walnut Lane, Louisville, Boulder County, Colorado, 80027, United States","80027","Louisville"
"174",131190,NA,99.9198637684063,NA,"Sensor came online after fire","02-2022",-105.149247,39.945889,"Lanterns at Rock Creek","outside","Lanterns Lane, Rock Creek Ranch, Boulder, Superior, Boulder County, Colorado, 80027, United States","80027","Superior"
"175",131279,NA,99.1661062542031,NA,"Sensor came online after fire","01-2022",-105.15552,39.98117,"NNRD - Outside","outside","Washington Avenue, Louisville, Boulder County, Colorado, 80027, United States","80027","Louisville"
"176",131421,NA,99.4398896014287,NA,"Sensor came online after fire","02-2022",-105.182003,39.983514,"Boulder, CO","outside","223, Vaquero Drive, Spanish Hills, Boulder, Boulder County, Colorado, 80303, United States","80303","Boulder"
"177",131967,NA,97.2812894455772,NA,"Sensor came online after fire","02-2022",-105.153131,39.980216,"Saddle Ridge","outside","666, West Hickory Court, Louisville, Boulder County, Colorado, 80027, United States","80027","Louisville"
"178",131987,NA,99.8445905558876,NA,"Sensor came online after fire","02-2022",-105.161494,39.977939,"804 Pikes Peak Ct","outside","810, Pikes Peak Court, Louisville, Boulder County, Colorado, 80027, United States","80027","Louisville"
"179",132727,NA,100,NA,"Sensor came online after fire",NA,-105.157665,39.984312,"W Oak Ct","outside","West Oak Court, Louisville, Boulder County, Colorado, 80027, United States","80027","Louisville"
"180",132765,NA,91.2518195050946,NA,"Sensor came online after fire","01-2022",-105.155588,39.972856,"Hemlock Circle","outside","742, West Hemlock Circle, Louisville, Boulder County, Colorado, 80027, United States","80027","Louisville"
"181",132773,NA,99.9539276664363,NA,"Sensor came online after fire","03-2022",-105.153145,39.944535,"Snyder Way","outside","1299, Snyder Way, Rock Creek Ranch, Boulder, Superior, Boulder County, Colorado, 80027, United States","80027","Superior"
"182",132785,NA,98.5395279923801,NA,"Sensor came online after fire","02-2022",-105.1383,39.980944,"Guided Adventures","outside","298, Short Place, Louisville, Boulder County, Colorado, 80027, United States","80027","Louisville"
"183",132809,NA,85.094050743657,NA,"Sensor came online after fire","02-2022",-105.1629,39.970119,"141 Cherrywood","outside","135, Cherrywood Lane, Louisville, Boulder County, Colorado, 80027, United States","80027","Louisville"
"184",132815,NA,94.7187423237534,NA,"Sensor came online after fire","03-2022",-105.267271,40.031241,"22nd St","outside","3127, 23rd Street, Boulder, Boulder County, Colorado, 80304, United States","80304","Boulder"
"185",133109,NA,59.9601826911816,NA,"Sensor came online after fire","03-2022",-105.243382,40.057561,"Berryflats","outside","4664, 47th Street, Boulder, Boulder County, Colorado, 80301, United States","80301","Boulder"
"186",133131,NA,86.3609710331887,NA,"Sensor came online after fire","03-2022",-105.141003,39.982973,"KL78","inside","1339, Caledonia Circle, Louisville, Boulder County, Colorado, 80027, United States","80027","Louisville"
"187",133135,NA,99.9183939937979,NA,"Sensor came online after fire","03-2022",-105.149301,39.927654,"Outside Sunmit","outside","East Shadow Lane, Summit at Rock Creek, Boulder, Superior, Boulder County, Colorado, 80027, United States","80027","Superior"
"188",133197,NA,99.921599372795,NA,"Sensor came online after fire","03-2022",-105.151012,39.979791,"Strine’s outdoor","outside","West Arrowhead Street, Louisville, Boulder County, Colorado, 80027, United States","80027","Louisville"
"189",133319,NA,99.8856097002974,NA,"Sensor came online after fire","01-2022",-105.153268,39.962414,"Louisville","outside","626, Manorwood Court, Louisville, Boulder County, Colorado, 80027, United States","80027","Louisville"
"190",133455,NA,89.1323336730237,NA,"Sensor came online after fire","01-2022",-105.16742,39.95142,"Rogers Farm","outside","400, 2nd Avenue, Original Superior, Superior, Boulder County, Colorado, 80027, United States","80027","Superior"
"191",133676,NA,84.520194351655,NA,"Sensor came online after fire","01-2022",-105.148669,39.976806,"Louisville CO- Hoptree Ct.","outside","596, Hoptree Court, Louisville, Boulder County, Colorado, 80027, United States","80027","Louisville"
"192",133784,NA,95.8480282141712,NA,"Sensor came online after fire","03-2022",-105.076998,39.994069,"Test site","outside","953, East Emma Street, Lafayette, Boulder County, Colorado, 80026, United States","80026","Lafayette"
"193",134038,NA,79.2807703882034,NA,"Sensor came online after fire","01-2022",-105.160843,39.978768,"Flatirons Ct outside","outside","Leon Wurl Wildlife Sanctuary, West Tamarisk Street, Louisville, Boulder County, Colorado, 80027, United States","80027","Louisville"
"194",134052,NA,86.543341245805,NA,"Sensor came online after fire","01-2022",-105.159982,39.934869,"Eaton Circle","outside","612, Eaton Circle, Rock Creek Ranch, Boulder, Superior, Boulder County, Colorado, 80027, United States","80027","Superior"
"195",134408,NA,97.9759104839284,NA,"Sensor came online after fire","01-2022",-105.146239,39.97584,"Catalpa court","outside","499, Catalpa Court, Louisville, Boulder County, Colorado, 80027, United States","80027","Louisville"
"196",134430,NA,98.8597334798736,NA,"Sensor came online after fire","01-2022",-105.164284,39.932675,"Andrew Dr","outside","2430, Andrew Drive, Rock Creek Ranch, Boulder, Superior, Boulder County, Colorado, 80027, United States","80027","Superior"
"197",135596,NA,99.8522758748038,NA,"Sensor came online after fire","02-2022",-105.281046,40.050532,"Sumac - Broadway","outside","1292, Sumac Avenue, Boulder, Boulder County, Colorado, 80304, United States","80304","Boulder"
"198",136514,NA,98.5773409208484,NA,"Sensor came online after fire","01-2022",-105.149341,39.970622,"Heritage","outside","149, South Tyler Avenue, Louisville, Boulder County, Colorado, 80027, United States","80027","Louisville"
"199",137686,NA,98.8654781199352,NA,"Sensor came online after fire","01-2022",-105.175124,39.952332,"CCC SW","outside","898, Charles Street, Coal Creek Crossing, Boulder, Superior, Boulder County, Colorado, 80027, United States","80027","Superior"
"200",141956,45,64.5739651792921,100,"Sensor offline during fire, did not return online","Before or during 12-2021",-105.155026,39.975811,"Nighthawk Resident","inside","759, Nighthawk Circle, Louisville, Boulder County, Colorado, 80027, United States","80027","Louisville"
"201",142064,45.9363957597173,92.3555863023175,NA,"Sensor added during fire, returned online","Before or during 12-2021",-105.155525,39.975414,"Mckowals","inside","Little Free Library, Nighthawk Circle, Louisville, Boulder County, Colorado, 80027, United States","80027","Louisville"
"202",142080,47.7443609022556,64.2568891963565,NA,"Sensor added during fire, did not return online","Before or during 12-2021",-105.16188,39.931905,"Bristol St, Superior","outside","2464, Bristol Street, Rock Creek Ranch, Boulder, Superior, Boulder County, Colorado, 80027, United States","80027","Superior"
"203",142666,NA,90.4432132963989,NA,"Sensor came online after fire","01-2022",-105.155713,39.975445,"795 Nighthawk Circle","inside","Little Free Library, Nighthawk Circle, Louisville, Boulder County, Colorado, 80027, United States","80027","Louisville"
"204",143400,NA,89.1495382782246,NA,"Sensor came online after fire","01-2022",-105.158201,39.971128,"120 Crestview","outside","127, Vista Lane, Louisville, Boulder County, Colorado, 80027, United States","80027","Louisville"
"205",143402,NA,96.8596946125036,NA,"Sensor came online after fire","01-2022",-105.149934,39.96858,"Heritage 2 : S Cleveland","outside","253, South Cleveland Avenue, Louisville, Boulder County, Colorado, 80027, United States","80027","Louisville"
"206",143404,NA,96.9461250360127,NA,"Sensor came online after fire","01-2022",-105.161074,39.937681,"Superior - Campo Way","outside","460, Campo Way, Rock Creek Ranch, Boulder, Superior, Boulder County, Colorado, 80027, United States","80027","Superior"
"207",143406,NA,96.4707577067128,NA,"Sensor came online after fire","01-2022",-105.156531,39.932975,"Eldorado Dr","outside","906, Eldorado Drive, Rock Creek Ranch, Boulder, Superior, Boulder County, Colorado, 80027, United States","80027","Superior"
"208",143462,NA,74.5909388408116,NA,"Sensor came online after fire","01-2022",-105.152453,39.978404,"Wildrose and pine","outside","520, Wildrose Way, Louisville, Boulder County, Colorado, 80027, United States","80027","Louisville"
"209",143472,NA,88.8226310813759,NA,"Sensor came online after fire","01-2022",-105.147296,39.958968,"CoalCreekPinehurst","outside","805, Pinehurst Court, Louisville, Boulder County, Colorado, 80027, United States","80027","Louisville"
"210",144038,NA,99.5123869445537,NA,"Sensor came online after fire","02-2022",-105.155456,39.975055,"outside","outside","Little Free Library, Nighthawk Circle, Louisville, Boulder County, Colorado, 80027, United States","80027","Louisville"
"211",144040,NA,99.221392056626,NA,"Sensor came online after fire","02-2022",-105.155469,39.975168,"inside","inside","Little Free Library, Nighthawk Circle, Louisville, Boulder County, Colorado, 80027, United States","80027","Louisville"
"212",144248,NA,11.9710096634455,NA,"Sensor came online after fire","02-2022",-105.275039,40.053128,"Upland Ave","outside","Friends Meeting, 17th Street, Boulder, Boulder County, Colorado, 80304, United States","80304","Boulder"
"213",144604,NA,61.7602571374551,NA,"Sensor came online after fire","02-2022",-105.159176,39.948752,"Village Green Way","outside","Village Green Way, Superior, Boulder County, Colorado, 80027, United States","80027","Superior"
"214",144620,NA,86.3868406125922,NA,"Sensor came online after fire","02-2022",-105.172909,39.953612,"CCC-NE2","outside","135, Sixth Avenue, Coal Creek Crossing, Boulder, Superior, Boulder County, Colorado, 80027, United States","80027","Superior"
"215",144696,NA,84.8250416567484,NA,"Sensor came online after fire","03-2022",-105.150866,39.974984,"Pine Street Park Indoors","inside","680, Ponderosa Court, Louisville, Boulder County, Colorado, 80027, United States","80027","Louisville"
"216",144754,NA,49.5227329816629,NA,"Sensor came online after fire","03-2022",-105.15896,39.971351,"Skyview Ct Outside","outside","198, Skyview Court, Louisville, Boulder County, Colorado, 80027, United States","80027","Louisville"
"217",146510,NA,20.3562340966921,NA,"Sensor came online after fire","04-2022",-105.147335,39.980597,"Sagebrush-1","outside","1000, Sagebrush Way, Louisville, Boulder County, Colorado, 80027, United States","80027","Louisville"
"218",146926,NA,86.4653826132223,NA,"Sensor came online after fire","04-2022",-105.117009,39.920776,"Interlocken","inside","AMLI at Interlocken, Interlocken Boulevard, Broomfield, Colorado, 80021, United States","80021","States"
"219",146952,NA,100,NA,"Sensor came online after fire","04-2022",-105.286472,40.027014,"NOBO park","outside","9th Street, Washington Village, Boulder, Boulder County, Colorado, 80302, United States","80302","Boulder"
